,Accuracy,Precision,Recall,F1-Score
xgboost,0.434,0.43021778735832006,0.434,0.4298695989441022
randomforest,0.445,0.43881023553883675,0.445,0.43272158754008994
